Gene,DNA,Phalloidin,WGA,ConA,Catalase,btubulin,Calnexin,NfKb,COXIV,LAMP1,PRSP6,Syto9,TDP43,G3BP1,GM130,Sum
ABCF1,9.0,25.0,14.0,20.0,8.0,27.0,19.0,25.0,38.0,26.0,34.0,16.0,12.0,24.0,19.0,230.0
ACTR2,129.0,111.0,100.0,103.0,80.0,94.0,104.0,93.0,120.0,65.0,80.0,158.0,98.0,79.0,94.0,1196.0
ACTR3,95.0,94.0,93.0,74.0,62.0,76.0,81.0,77.0,110.0,66.0,59.0,133.0,73.0,69.0,75.0,975.0
ALG13,67.0,43.0,55.0,100.0,24.0,44.0,57.0,38.0,90.0,85.0,94.0,78.0,53.0,29.0,35.0,680.0
ALG5,17.0,21.0,38.0,96.0,3.0,15.0,15.0,22.0,26.0,121.0,19.0,15.0,27.0,2.0,7.0,328.0
ALG6,11.0,13.0,27.0,99.0,2.0,16.0,18.0,15.0,17.0,123.0,30.0,15.0,12.0,6.0,8.0,280.0
ALG8,3.0,4.0,8.0,29.0,2.0,5.0,7.0,6.0,6.0,75.0,5.0,6.0,6.0,6.0,7.0,124.0
ANXA2,33.0,9.0,41.0,44.0,15.0,29.0,28.0,23.0,44.0,18.0,17.0,20.0,8.0,16.0,24.0,251.0
AP3S1,16.0,19.0,8.0,6.0,6.0,11.0,40.0,15.0,27.0,7.0,5.0,24.0,19.0,25.0,15.0,168.0
ARF4,62.0,67.0,56.0,56.0,38.0,51.0,74.0,43.0,99.0,46.0,67.0,78.0,37.0,34.0,43.0,648.0
ARNTL,7.0,3.0,5.0,7.0,14.0,24.0,30.0,31.0,29.0,5.0,14.0,26.0,14.0,18.0,15.0,159.0
ARPC2,87.0,81.0,78.0,74.0,62.0,74.0,45.0,61.0,96.0,48.0,63.0,125.0,72.0,62.0,70.0,888.0
ARPC3,79.0,87.0,104.0,78.0,52.0,68.0,82.0,81.0,106.0,55.0,60.0,108.0,46.0,58.0,61.0,896.0
ARPC4,159.0,142.0,135.0,131.0,94.0,112.0,122.0,119.0,149.0,70.0,117.0,196.0,118.0,108.0,127.0,1515.0
ATF4,5.0,25.0,45.0,20.0,4.0,18.0,8.0,21.0,12.0,23.0,18.0,18.0,16.0,10.0,11.0,203.0
ATG14,38.0,7.0,11.0,22.0,9.0,7.0,33.0,24.0,29.0,16.0,5.0,19.0,26.0,16.0,33.0,232.0
ATIC,41.0,72.0,37.0,32.0,26.0,51.0,33.0,27.0,43.0,34.0,83.0,65.0,26.0,21.0,46.0,523.0
ATL2,30.0,37.0,67.0,69.0,22.0,50.0,64.0,45.0,52.0,57.0,58.0,46.0,58.0,36.0,41.0,492.0
ATP6V0B,67.0,76.0,135.0,100.0,58.0,88.0,79.0,81.0,119.0,97.0,108.0,142.0,158.0,57.0,72.0,1089.0
ATP6V0C,124.0,138.0,175.0,143.0,96.0,140.0,128.0,125.0,178.0,136.0,151.0,191.0,208.0,93.0,129.0,1706.0
ATP6V0D1,25.0,25.0,86.0,42.0,18.0,57.0,41.0,40.0,87.0,48.0,67.0,61.0,64.0,24.0,34.0,531.0
ATP6V1H,88.0,76.0,149.0,129.0,80.0,120.0,100.0,84.0,139.0,108.0,125.0,132.0,147.0,66.0,103.0,1273.0
BRAP,29.0,30.0,26.0,9.0,13.0,21.0,25.0,31.0,25.0,28.0,22.0,12.0,48.0,22.0,17.0,244.0
CANX,9.0,9.0,6.0,7.0,5.0,10.0,88.0,4.0,6.0,4.0,9.0,7.0,3.0,7.0,7.0,111.0
CASC3,57.0,36.0,33.0,26.0,10.0,31.0,18.0,14.0,35.0,32.0,39.0,59.0,30.0,29.0,32.0,357.0
CDC73,12.0,8.0,11.0,14.0,4.0,10.0,8.0,11.0,23.0,36.0,32.0,11.0,8.0,4.0,7.0,152.0
CDCA2,24.0,11.0,15.0,9.0,19.0,38.0,28.0,13.0,19.0,9.0,30.0,29.0,27.0,24.0,30.0,238.0
CDK13,74.0,41.0,60.0,74.0,48.0,76.0,62.0,44.0,114.0,65.0,53.0,76.0,67.0,56.0,58.0,804.0
CENPK,8.0,15.0,10.0,16.0,6.0,5.0,16.0,11.0,18.0,10.0,11.0,16.0,18.0,12.0,22.0,157.0
CHMP6,84.0,48.0,54.0,86.0,43.0,59.0,49.0,46.0,85.0,43.0,85.0,91.0,75.0,46.0,66.0,759.0
CHP1,29.0,34.0,41.0,27.0,24.0,44.0,47.0,38.0,37.0,42.0,42.0,38.0,21.0,20.0,23.0,336.0
CIAO1,92.0,99.0,66.0,96.0,57.0,66.0,72.0,59.0,120.0,63.0,130.0,93.0,63.0,69.0,78.0,922.0
CIT,36.0,17.0,13.0,27.0,4.0,15.0,21.0,14.0,27.0,20.0,33.0,32.0,33.0,10.0,12.0,275.0
COG3,13.0,21.0,120.0,54.0,6.0,22.0,10.0,18.0,29.0,56.0,29.0,16.0,23.0,8.0,14.0,300.0
COG4,37.0,98.0,144.0,145.0,42.0,59.0,65.0,48.0,86.0,93.0,64.0,79.0,89.0,34.0,44.0,846.0
COPA,11.0,10.0,18.0,23.0,9.0,4.0,6.0,16.0,13.0,9.0,35.0,26.0,40.0,12.0,16.0,192.0
COX14,8.0,13.0,15.0,10.0,6.0,8.0,11.0,15.0,58.0,11.0,16.0,10.0,30.0,5.0,3.0,159.0
COX17,51.0,31.0,13.0,22.0,21.0,23.0,25.0,22.0,41.0,13.0,40.0,42.0,20.0,15.0,17.0,300.0
COX4I1,24.0,35.0,28.0,28.0,27.0,37.0,30.0,29.0,238.0,19.0,44.0,40.0,120.0,20.0,110.0,576.0
COX7B,7.0,10.0,11.0,12.0,11.0,12.0,9.0,9.0,114.0,9.0,25.0,13.0,11.0,15.0,19.0,187.0
COX7C,22.0,10.0,10.0,22.0,9.0,18.0,17.0,14.0,81.0,14.0,39.0,36.0,24.0,13.0,22.0,260.0
COX8A,6.0,8.0,9.0,11.0,6.0,8.0,17.0,27.0,76.0,8.0,5.0,19.0,17.0,12.0,6.0,153.0
CPSF1,35.0,41.0,27.0,24.0,31.0,49.0,26.0,49.0,34.0,11.0,99.0,29.0,75.0,29.0,34.0,449.0
CPSF3,51.0,35.0,47.0,35.0,22.0,51.0,49.0,71.0,43.0,42.0,100.0,37.0,63.0,34.0,30.0,535.0
CPSF6,36.0,28.0,52.0,19.0,7.0,11.0,13.0,37.0,45.0,54.0,9.0,33.0,70.0,22.0,12.0,326.0
CRKL,167.0,132.0,118.0,138.0,99.0,115.0,138.0,133.0,160.0,90.0,125.0,178.0,144.0,111.0,135.0,1622.0
CSE1L,21.0,52.0,33.0,18.0,6.0,14.0,14.0,44.0,28.0,18.0,36.0,50.0,104.0,8.0,18.0,343.0
CYCS,21.0,10.0,33.0,25.0,29.0,49.0,18.0,14.0,34.0,13.0,53.0,53.0,24.0,19.0,22.0,294.0
DCAF15,14.0,27.0,15.0,10.0,2.0,5.0,9.0,15.0,13.0,23.0,21.0,10.0,43.0,3.0,2.0,147.0
DCTN5,30.0,44.0,78.0,35.0,37.0,63.0,61.0,33.0,55.0,65.0,44.0,55.0,43.0,23.0,26.0,486.0
DDX6,137.0,48.0,100.0,97.0,63.0,93.0,103.0,73.0,105.0,87.0,93.0,87.0,107.0,70.0,81.0,1063.0
DHX35,85.0,56.0,67.0,71.0,45.0,75.0,107.0,71.0,92.0,90.0,114.0,88.0,78.0,55.0,70.0,853.0
DNA2,11.0,1.0,16.0,19.0,4.0,3.0,3.0,1.0,13.0,8.0,16.0,22.0,21.0,5.0,5.0,108.0
DNAJC24,20.0,23.0,14.0,17.0,16.0,34.0,22.0,31.0,111.0,4.0,51.0,23.0,30.0,15.0,25.0,290.0
DNM1L,62.0,85.0,84.0,69.0,57.0,79.0,88.0,71.0,176.0,61.0,111.0,106.0,80.0,71.0,74.0,984.0
DPH2,12.0,15.0,19.0,14.0,10.0,10.0,13.0,14.0,93.0,8.0,24.0,17.0,35.0,8.0,15.0,214.0
DRG2,26.0,8.0,44.0,27.0,11.0,17.0,33.0,15.0,18.0,64.0,9.0,17.0,20.0,27.0,13.0,261.0
DVL1,13.0,7.0,12.0,4.0,6.0,11.0,11.0,9.0,14.0,13.0,16.0,20.0,13.0,7.0,10.0,127.0
DVL3,3.0,3.0,10.0,4.0,13.0,14.0,1.0,8.0,18.0,3.0,25.0,7.0,10.0,7.0,15.0,107.0
DYNLL1,135.0,124.0,94.0,122.0,83.0,102.0,77.0,105.0,142.0,70.0,94.0,128.0,115.0,95.0,105.0,1349.0
EEF1G,148.0,137.0,98.0,147.0,107.0,132.0,130.0,108.0,173.0,86.0,138.0,170.0,127.0,80.0,101.0,1517.0
EEF2,36.0,52.0,32.0,46.0,47.0,64.0,46.0,59.0,45.0,15.0,90.0,47.0,24.0,28.0,48.0,472.0
EIF2AK4,33.0,25.0,50.0,55.0,22.0,41.0,49.0,78.0,82.0,63.0,84.0,61.0,106.0,32.0,45.0,575.0
EIF2B1,52.0,51.0,45.0,65.0,32.0,54.0,37.0,31.0,84.0,36.0,41.0,73.0,36.0,22.0,32.0,558.0
EIF2B2,63.0,63.0,71.0,86.0,51.0,92.0,70.0,65.0,133.0,47.0,60.0,96.0,71.0,42.0,53.0,814.0
EIF2B3,14.0,26.0,14.0,19.0,9.0,16.0,19.0,13.0,45.0,13.0,50.0,13.0,13.0,12.0,19.0,200.0
EIF2B4,10.0,22.0,25.0,15.0,12.0,25.0,11.0,14.0,28.0,18.0,27.0,12.0,21.0,15.0,18.0,194.0
EIF2B5,53.0,35.0,35.0,36.0,27.0,40.0,62.0,42.0,61.0,30.0,48.0,53.0,43.0,25.0,40.0,489.0
EIF2S3,55.0,39.0,32.0,44.0,27.0,62.0,39.0,35.0,65.0,27.0,44.0,56.0,45.0,30.0,28.0,486.0
EIF3C,5.0,31.0,7.0,8.0,9.0,13.0,16.0,12.0,35.0,39.0,8.0,9.0,16.0,5.0,9.0,159.0
EIF3H,77.0,23.0,37.0,92.0,54.0,82.0,52.0,76.0,111.0,37.0,70.0,71.0,99.0,71.0,93.0,802.0
EIF3L,40.0,96.0,86.0,43.0,13.0,45.0,37.0,48.0,47.0,45.0,40.0,56.0,64.0,16.0,30.0,540.0
EIF4A1,123.0,124.0,78.0,88.0,45.0,92.0,68.0,80.0,89.0,114.0,72.0,97.0,98.0,89.0,64.0,995.0
EIF4A2,17.0,5.0,4.0,5.0,7.0,4.0,8.0,11.0,12.0,8.0,3.0,19.0,12.0,11.0,10.0,113.0
EIF4B,62.0,32.0,32.0,39.0,28.0,43.0,32.0,44.0,34.0,25.0,49.0,33.0,31.0,22.0,29.0,425.0
EIF4E,105.0,44.0,57.0,60.0,42.0,60.0,55.0,71.0,72.0,43.0,61.0,97.0,61.0,33.0,44.0,752.0
EIF4EBP1,85.0,43.0,37.0,79.0,49.0,65.0,88.0,54.0,91.0,36.0,65.0,97.0,61.0,47.0,81.0,748.0
EIF5,40.0,54.0,38.0,56.0,12.0,23.0,36.0,25.0,55.0,36.0,33.0,41.0,44.0,29.0,23.0,459.0
ENO1,56.0,96.0,85.0,92.0,38.0,80.0,71.0,71.0,97.0,54.0,169.0,79.0,93.0,60.0,56.0,919.0
EPC1,16.0,8.0,34.0,13.0,5.0,5.0,7.0,13.0,21.0,16.0,7.0,11.0,42.0,6.0,6.0,158.0
ERCC2,23.0,3.0,15.0,18.0,21.0,21.0,34.0,32.0,56.0,9.0,19.0,34.0,25.0,20.0,45.0,286.0
ESRP2,3.0,9.0,9.0,13.0,3.0,11.0,10.0,23.0,19.0,22.0,23.0,10.0,5.0,4.0,12.0,111.0
ETFA,13.0,21.0,21.0,20.0,8.0,8.0,14.0,10.0,38.0,15.0,17.0,8.0,8.0,10.0,13.0,154.0
EXOC3,30.0,47.0,80.0,33.0,21.0,58.0,27.0,46.0,43.0,30.0,72.0,71.0,25.0,22.0,24.0,461.0
FAM193A,17.0,24.0,28.0,8.0,6.0,11.0,34.0,35.0,28.0,8.0,11.0,19.0,18.0,16.0,11.0,199.0
FANCI,45.0,22.0,33.0,24.0,15.0,31.0,19.0,27.0,40.0,29.0,53.0,35.0,26.0,14.0,17.0,313.0
FGFR1,88.0,50.0,44.0,75.0,46.0,62.0,85.0,56.0,112.0,49.0,62.0,89.0,66.0,62.0,86.0,817.0
FIP1L1,22.0,25.0,52.0,16.0,8.0,18.0,15.0,29.0,25.0,15.0,40.0,20.0,14.0,17.0,28.0,259.0
GABARAPL1,12.0,12.0,10.0,12.0,9.0,14.0,10.0,12.0,21.0,4.0,34.0,11.0,7.0,6.0,10.0,142.0
GCN1,21.0,26.0,22.0,21.0,10.0,21.0,22.0,63.0,53.0,18.0,64.0,45.0,74.0,19.0,19.0,364.0
GDI2,10.0,28.0,67.0,23.0,16.0,14.0,6.0,26.0,16.0,36.0,33.0,33.0,10.0,9.0,11.0,207.0
GINS1,201.0,110.0,109.0,182.0,98.0,105.0,118.0,115.0,181.0,100.0,146.0,171.0,144.0,101.0,134.0,1669.0
GLE1,18.0,15.0,30.0,21.0,2.0,24.0,12.0,29.0,22.0,24.0,44.0,16.0,39.0,6.0,7.0,235.0
GOLGA2,15.0,6.0,28.0,13.0,2.0,2.0,12.0,9.0,17.0,32.0,4.0,22.0,12.0,5.0,11.0,143.0
GSPT1,32.0,19.0,7.0,14.0,12.0,17.0,14.0,21.0,63.0,11.0,81.0,30.0,28.0,21.0,16.0,282.0
GSR,16.0,14.0,18.0,17.0,12.0,14.0,22.0,16.0,33.0,16.0,8.0,21.0,14.0,11.0,22.0,199.0
HAUS3,23.0,8.0,12.0,26.0,6.0,9.0,12.0,8.0,19.0,7.0,2.0,17.0,24.0,2.0,4.0,147.0
HDAC3,34.0,32.0,52.0,55.0,10.0,48.0,25.0,50.0,30.0,41.0,42.0,57.0,62.0,15.0,15.0,403.0
HSP90B1,177.0,139.0,120.0,161.0,103.0,129.0,131.0,128.0,180.0,93.0,141.0,179.0,142.0,114.0,126.0,1666.0
HYOU1,78.0,63.0,36.0,35.0,20.0,51.0,65.0,44.0,81.0,37.0,54.0,94.0,44.0,19.0,35.0,599.0
IARS2,7.0,19.0,3.0,13.0,2.0,6.0,13.0,8.0,26.0,6.0,10.0,8.0,6.0,4.0,7.0,109.0
INO80,87.0,107.0,81.0,45.0,45.0,67.0,72.0,69.0,73.0,92.0,135.0,79.0,87.0,49.0,75.0,894.0
INTS14,21.0,6.0,25.0,14.0,6.0,11.0,8.0,12.0,20.0,15.0,17.0,8.0,11.0,6.0,14.0,131.0
INTS7,40.0,23.0,47.0,27.0,28.0,33.0,37.0,30.0,18.0,10.0,48.0,54.0,17.0,38.0,24.0,340.0
ITGAV,120.0,77.0,64.0,65.0,48.0,78.0,72.0,72.0,100.0,54.0,80.0,117.0,77.0,61.0,68.0,922.0
ITGB1,206.0,132.0,138.0,158.0,109.0,113.0,132.0,116.0,180.0,102.0,125.0,205.0,147.0,112.0,128.0,1745.0
ITGB5,186.0,152.0,132.0,180.0,116.0,160.0,138.0,124.0,196.0,110.0,185.0,199.0,164.0,119.0,148.0,1866.0
ITPK1,45.0,9.0,14.0,24.0,7.0,10.0,22.0,20.0,75.0,18.0,8.0,26.0,32.0,7.0,36.0,273.0
JOSD1,25.0,48.0,12.0,15.0,8.0,21.0,20.0,17.0,30.0,16.0,54.0,14.0,19.0,11.0,20.0,239.0
JTB,4.0,24.0,11.0,6.0,2.0,9.0,11.0,10.0,12.0,5.0,17.0,11.0,27.0,11.0,7.0,109.0
KATNA1,78.0,111.0,123.0,119.0,63.0,85.0,84.0,90.0,119.0,106.0,86.0,127.0,85.0,53.0,57.0,1119.0
KCTD10,23.0,34.0,34.0,32.0,23.0,11.0,22.0,18.0,46.0,20.0,22.0,45.0,30.0,9.0,25.0,320.0
KDM1A,66.0,50.0,89.0,79.0,41.0,48.0,63.0,43.0,74.0,62.0,45.0,76.0,44.0,44.0,48.0,675.0
KDM5A,17.0,12.0,35.0,24.0,13.0,25.0,16.0,30.0,40.0,25.0,32.0,40.0,26.0,12.0,14.0,274.0
KIF5B,25.0,80.0,124.0,51.0,21.0,50.0,33.0,38.0,55.0,97.0,40.0,38.0,29.0,27.0,21.0,494.0
KPNA6,18.0,14.0,25.0,23.0,12.0,12.0,13.0,15.0,32.0,27.0,35.0,33.0,30.0,23.0,11.0,231.0
LAMP1,39.0,33.0,24.0,40.0,23.0,31.0,43.0,34.0,59.0,131.0,39.0,44.0,44.0,16.0,39.0,474.0
LAMTOR3,107.0,105.0,95.0,105.0,73.0,81.0,75.0,108.0,154.0,68.0,167.0,141.0,114.0,99.0,110.0,1226.0
LTA4H,14.0,14.0,8.0,8.0,6.0,4.0,5.0,5.0,30.0,1.0,4.0,12.0,12.0,1.0,9.0,104.0
MAD1L1,22.0,9.0,27.0,21.0,12.0,20.0,15.0,17.0,26.0,29.0,25.0,29.0,37.0,17.0,17.0,272.0
MAP1LC3B,8.0,14.0,9.0,15.0,12.0,8.0,9.0,16.0,38.0,11.0,31.0,8.0,7.0,5.0,11.0,141.0
MAPK3,18.0,42.0,17.0,21.0,4.0,15.0,8.0,16.0,14.0,30.0,79.0,14.0,16.0,9.0,7.0,228.0
MCM3,17.0,16.0,20.0,15.0,5.0,12.0,9.0,15.0,22.0,10.0,20.0,31.0,9.0,4.0,14.0,168.0
MCM3AP,19.0,11.0,21.0,8.0,3.0,16.0,6.0,26.0,12.0,4.0,28.0,19.0,18.0,11.0,9.0,154.0
MCM5,80.0,77.0,56.0,92.0,56.0,76.0,56.0,56.0,111.0,57.0,95.0,82.0,54.0,68.0,65.0,870.0
MED1,1.0,1.0,20.0,13.0,13.0,18.0,21.0,17.0,35.0,9.0,8.0,6.0,5.0,23.0,24.0,126.0
MED12,192.0,136.0,133.0,185.0,115.0,150.0,159.0,141.0,217.0,127.0,155.0,215.0,153.0,138.0,154.0,1933.0
MED17,29.0,13.0,14.0,16.0,7.0,6.0,14.0,23.0,50.0,9.0,10.0,19.0,24.0,7.0,9.0,197.0
MED8,25.0,17.0,20.0,11.0,9.0,9.0,16.0,21.0,52.0,23.0,6.0,24.0,24.0,9.0,13.0,216.0
MED9,8.0,10.0,13.0,15.0,3.0,8.0,11.0,13.0,29.0,25.0,11.0,12.0,23.0,6.0,14.0,155.0
MFN2,20.0,45.0,53.0,40.0,20.0,28.0,34.0,38.0,120.0,10.0,69.0,54.0,70.0,36.0,38.0,490.0
MNT,11.0,17.0,21.0,11.0,6.0,2.0,23.0,23.0,34.0,30.0,10.0,15.0,4.0,2.0,6.0,150.0
MORF4L2,33.0,28.0,25.0,37.0,29.0,44.0,35.0,21.0,78.0,19.0,47.0,47.0,48.0,32.0,53.0,442.0
MRPL13,73.0,63.0,33.0,52.0,48.0,56.0,69.0,55.0,88.0,20.0,72.0,81.0,54.0,58.0,80.0,672.0
MRPL18,10.0,13.0,24.0,17.0,6.0,19.0,13.0,14.0,60.0,10.0,30.0,11.0,9.0,16.0,9.0,169.0
MRPL27,3.0,12.0,13.0,12.0,3.0,11.0,10.0,5.0,45.0,2.0,23.0,4.0,8.0,8.0,8.0,108.0
MRPL28,11.0,27.0,21.0,19.0,7.0,26.0,8.0,25.0,23.0,10.0,82.0,9.0,13.0,13.0,14.0,207.0
MRPL33,12.0,7.0,11.0,10.0,9.0,12.0,9.0,15.0,22.0,2.0,12.0,13.0,13.0,13.0,7.0,117.0
MRPL57,34.0,35.0,23.0,26.0,12.0,20.0,41.0,30.0,46.0,33.0,44.0,22.0,21.0,16.0,34.0,316.0
MRPS18C,30.0,15.0,24.0,11.0,4.0,14.0,20.0,22.0,58.0,13.0,42.0,7.0,11.0,18.0,18.0,208.0
MRPS26,22.0,5.0,23.0,15.0,3.0,16.0,11.0,22.0,22.0,17.0,17.0,9.0,11.0,9.0,5.0,142.0
MRPS31,32.0,12.0,5.0,27.0,5.0,9.0,39.0,16.0,27.0,14.0,27.0,14.0,8.0,18.0,14.0,197.0
MTOR,137.0,122.0,124.0,156.0,85.0,94.0,152.0,126.0,205.0,123.0,177.0,168.0,140.0,114.0,166.0,1665.0
MVB12A,18.0,1.0,7.0,8.0,1.0,2.0,12.0,12.0,30.0,16.0,7.0,7.0,17.0,3.0,6.0,121.0
MYC,121.0,89.0,104.0,122.0,85.0,99.0,130.0,89.0,157.0,82.0,99.0,158.0,112.0,96.0,123.0,1339.0
MYO1B,35.0,66.0,26.0,26.0,13.0,32.0,9.0,22.0,50.0,25.0,36.0,21.0,13.0,19.0,22.0,319.0
MYO1E,5.0,36.0,30.0,28.0,3.0,25.0,9.0,14.0,14.0,12.0,16.0,8.0,16.0,10.0,9.0,154.0
NBR1,17.0,20.0,5.0,12.0,13.0,9.0,17.0,11.0,29.0,9.0,20.0,5.0,10.0,14.0,16.0,159.0
NCOR1,32.0,30.0,42.0,23.0,10.0,18.0,36.0,31.0,36.0,58.0,11.0,25.0,20.0,20.0,28.0,312.0
NDEL1,9.0,5.0,68.0,9.0,4.0,6.0,11.0,9.0,8.0,76.0,5.0,6.0,6.0,5.0,1.0,159.0
NDUFA10,30.0,11.0,9.0,9.0,7.0,18.0,30.0,17.0,37.0,10.0,15.0,15.0,16.0,17.0,12.0,175.0
NDUFA11,22.0,4.0,20.0,33.0,12.0,13.0,30.0,16.0,76.0,21.0,9.0,10.0,17.0,16.0,20.0,206.0
NDUFA2,8.0,7.0,9.0,7.0,10.0,7.0,34.0,8.0,51.0,5.0,6.0,11.0,4.0,24.0,16.0,135.0
NEDD8,81.0,48.0,45.0,46.0,40.0,52.0,51.0,49.0,70.0,27.0,40.0,69.0,93.0,44.0,53.0,719.0
NMD3,50.0,24.0,30.0,55.0,46.0,48.0,62.0,39.0,85.0,12.0,26.0,70.0,36.0,66.0,74.0,552.0
NPEPPS,94.0,70.0,46.0,94.0,45.0,74.0,89.0,49.0,106.0,66.0,85.0,80.0,92.0,55.0,80.0,868.0
NPRL3,3.0,31.0,25.0,2.0,11.0,16.0,11.0,34.0,14.0,11.0,9.0,17.0,7.0,11.0,9.0,134.0
NSMCE4A,49.0,31.0,30.0,56.0,41.0,41.0,32.0,39.0,57.0,18.0,66.0,73.0,49.0,24.0,35.0,504.0
NUDT12,13.0,3.0,2.0,3.0,3.0,6.0,45.0,6.0,8.0,1.0,3.0,11.0,12.0,32.0,5.0,102.0
NUP188,10.0,16.0,16.0,7.0,3.0,4.0,5.0,2.0,11.0,6.0,16.0,17.0,9.0,8.0,2.0,111.0
OSTC,11.0,11.0,26.0,21.0,3.0,10.0,22.0,21.0,16.0,107.0,36.0,17.0,22.0,7.0,6.0,225.0
PABPN1,15.0,6.0,13.0,15.0,0.0,18.0,4.0,33.0,8.0,35.0,20.0,24.0,28.0,2.0,4.0,158.0
PAFAH1B1,26.0,14.0,97.0,42.0,15.0,24.0,48.0,24.0,31.0,110.0,17.0,27.0,19.0,23.0,19.0,399.0
PAK2,126.0,146.0,80.0,127.0,85.0,101.0,105.0,102.0,133.0,73.0,91.0,132.0,109.0,80.0,86.0,1307.0
PDCD6IP,61.0,47.0,38.0,45.0,33.0,35.0,45.0,35.0,38.0,41.0,52.0,55.0,47.0,23.0,42.0,535.0
PEF1,13.0,3.0,16.0,10.0,4.0,2.0,6.0,3.0,18.0,10.0,3.0,12.0,13.0,9.0,4.0,106.0
PER1,43.0,23.0,34.0,28.0,16.0,22.0,18.0,22.0,34.0,55.0,19.0,27.0,23.0,20.0,32.0,333.0
PHB2,46.0,52.0,35.0,39.0,23.0,42.0,32.0,25.0,52.0,30.0,28.0,55.0,35.0,25.0,38.0,443.0
PINK1,7.0,10.0,2.0,6.0,11.0,10.0,7.0,3.0,11.0,8.0,25.0,7.0,15.0,10.0,13.0,121.0
PLRG1,33.0,14.0,30.0,20.0,5.0,17.0,18.0,9.0,28.0,29.0,27.0,16.0,29.0,20.0,16.0,242.0
PML,57.0,32.0,38.0,46.0,28.0,45.0,42.0,37.0,79.0,26.0,62.0,44.0,31.0,32.0,52.0,478.0
POGZ,61.0,53.0,41.0,41.0,40.0,51.0,47.0,50.0,67.0,28.0,50.0,52.0,49.0,70.0,66.0,548.0
POLD2,158.0,89.0,108.0,146.0,85.0,113.0,99.0,93.0,133.0,85.0,127.0,151.0,130.0,95.0,121.0,1435.0
PPP1CA,17.0,34.0,27.0,31.0,9.0,27.0,26.0,38.0,30.0,35.0,94.0,45.0,37.0,21.0,20.0,346.0
PPP2R2A,90.0,80.0,129.0,120.0,33.0,66.0,74.0,74.0,97.0,113.0,144.0,73.0,68.0,31.0,61.0,910.0
PPP2R3C,20.0,45.0,40.0,25.0,9.0,18.0,27.0,45.0,61.0,19.0,23.0,36.0,31.0,16.0,22.0,326.0
PRIM2,145.0,64.0,69.0,113.0,51.0,75.0,61.0,70.0,101.0,53.0,101.0,110.0,87.0,53.0,59.0,1025.0
PRMT5,74.0,21.0,57.0,48.0,34.0,44.0,68.0,37.0,39.0,38.0,49.0,61.0,56.0,33.0,57.0,574.0
PRPF38A,8.0,21.0,15.0,9.0,13.0,12.0,11.0,10.0,18.0,8.0,19.0,24.0,9.0,10.0,11.0,129.0
PSMA3,16.0,13.0,21.0,7.0,10.0,20.0,11.0,23.0,23.0,16.0,23.0,14.0,17.0,12.0,9.0,179.0
PSMB5,34.0,8.0,4.0,15.0,9.0,11.0,16.0,21.0,31.0,8.0,13.0,18.0,22.0,15.0,23.0,185.0
PSMC6,13.0,2.0,12.0,13.0,7.0,7.0,15.0,10.0,24.0,6.0,2.0,9.0,14.0,14.0,14.0,129.0
PSMD10,33.0,64.0,39.0,34.0,14.0,33.0,20.0,109.0,85.0,70.0,21.0,30.0,31.0,12.0,20.0,417.0
PSMD13,72.0,29.0,33.0,43.0,40.0,58.0,56.0,86.0,91.0,14.0,34.0,61.0,54.0,43.0,65.0,570.0
PSMD5,18.0,41.0,24.0,11.0,14.0,25.0,20.0,84.0,30.0,39.0,8.0,24.0,23.0,8.0,15.0,254.0
PSMD9,39.0,22.0,7.0,14.0,5.0,8.0,11.0,19.0,27.0,8.0,8.0,23.0,26.0,9.0,11.0,181.0
PSMF1,20.0,30.0,54.0,35.0,10.0,22.0,26.0,26.0,30.0,44.0,52.0,13.0,24.0,16.0,23.0,289.0
RAB10,29.0,112.0,71.0,40.0,38.0,59.0,56.0,62.0,60.0,58.0,54.0,40.0,36.0,52.0,45.0,620.0
RAB11FIP3,12.0,26.0,11.0,16.0,6.0,14.0,9.0,18.0,29.0,17.0,37.0,14.0,16.0,12.0,11.0,188.0
RAC1,180.0,137.0,115.0,147.0,96.0,117.0,137.0,141.0,164.0,97.0,138.0,208.0,140.0,110.0,135.0,1656.0
RBM17,8.0,8.0,11.0,15.0,2.0,4.0,4.0,5.0,10.0,53.0,16.0,6.0,3.0,6.0,3.0,114.0
RBP1,33.0,24.0,13.0,20.0,20.0,16.0,27.0,21.0,40.0,12.0,30.0,21.0,22.0,32.0,25.0,271.0
RBPMS,31.0,16.0,15.0,23.0,9.0,22.0,43.0,22.0,44.0,17.0,30.0,29.0,32.0,28.0,38.0,299.0
RCC1,12.0,6.0,19.0,9.0,6.0,6.0,13.0,9.0,29.0,6.0,13.0,7.0,13.0,9.0,16.0,139.0
REEP5,20.0,10.0,9.0,14.0,13.0,9.0,37.0,19.0,22.0,1.0,16.0,19.0,14.0,39.0,17.0,176.0
RELA,9.0,18.0,8.0,10.0,5.0,11.0,7.0,168.0,15.0,10.0,13.0,29.0,17.0,3.0,5.0,228.0
RFC3,191.0,116.0,118.0,161.0,96.0,123.0,114.0,101.0,182.0,89.0,147.0,176.0,137.0,103.0,127.0,1678.0
RFC5,153.0,98.0,88.0,131.0,73.0,92.0,90.0,78.0,133.0,78.0,106.0,137.0,108.0,73.0,86.0,1292.0
RHEB,12.0,10.0,15.0,19.0,15.0,36.0,31.0,15.0,37.0,28.0,91.0,15.0,10.0,21.0,26.0,272.0
RHOB,21.0,31.0,15.0,24.0,6.0,10.0,13.0,9.0,29.0,14.0,10.0,9.0,8.0,8.0,7.0,144.0
RNPS1,13.0,20.0,18.0,14.0,3.0,13.0,13.0,28.0,24.0,22.0,73.0,11.0,19.0,9.0,17.0,209.0
RPL18,24.0,30.0,13.0,9.0,15.0,32.0,18.0,15.0,47.0,6.0,11.0,17.0,8.0,26.0,19.0,206.0
RPL19,28.0,17.0,7.0,24.0,33.0,38.0,32.0,27.0,74.0,20.0,25.0,53.0,38.0,29.0,49.0,380.0
RPL29,21.0,27.0,30.0,34.0,29.0,51.0,33.0,53.0,64.0,40.0,32.0,41.0,25.0,31.0,21.0,387.0
RPL32,27.0,35.0,17.0,30.0,46.0,54.0,46.0,28.0,86.0,13.0,37.0,45.0,18.0,43.0,57.0,407.0
RPL35A,9.0,30.0,10.0,14.0,12.0,15.0,19.0,14.0,36.0,6.0,13.0,12.0,9.0,14.0,26.0,181.0
RPL36,19.0,18.0,12.0,20.0,17.0,34.0,40.0,33.0,53.0,6.0,26.0,23.0,23.0,21.0,24.0,272.0
RPL37,12.0,1.0,14.0,20.0,6.0,15.0,22.0,20.0,26.0,10.0,14.0,18.0,14.0,12.0,14.0,163.0
RPL39,40.0,19.0,26.0,31.0,26.0,46.0,25.0,20.0,27.0,3.0,24.0,39.0,25.0,19.0,32.0,306.0
RPL4,24.0,12.0,6.0,13.0,14.0,19.0,8.0,9.0,40.0,10.0,10.0,7.0,10.0,15.0,19.0,166.0
RPL5,10.0,8.0,7.0,5.0,7.0,15.0,12.0,15.0,28.0,2.0,12.0,24.0,7.0,10.0,12.0,126.0
RPN1,9.0,9.0,7.0,22.0,3.0,13.0,31.0,12.0,22.0,32.0,26.0,34.0,24.0,6.0,7.0,184.0
RPS12,12.0,17.0,16.0,22.0,13.0,32.0,12.0,18.0,21.0,30.0,52.0,30.0,17.0,9.0,12.0,222.0
RPS16,34.0,42.0,36.0,36.0,16.0,44.0,37.0,40.0,38.0,54.0,48.0,67.0,43.0,25.0,37.0,453.0
RPS24,35.0,30.0,32.0,36.0,29.0,41.0,29.0,40.0,75.0,43.0,47.0,51.0,25.0,26.0,30.0,462.0
RPS4X,15.0,11.0,17.0,23.0,4.0,12.0,13.0,24.0,11.0,7.0,17.0,20.0,22.0,7.0,10.0,168.0
RPS6,37.0,34.0,35.0,26.0,17.0,21.0,36.0,30.0,37.0,45.0,39.0,51.0,32.0,10.0,27.0,381.0
RPS8,17.0,6.0,25.0,6.0,10.0,11.0,10.0,27.0,21.0,14.0,15.0,37.0,14.0,10.0,11.0,186.0
RRAGC,71.0,47.0,55.0,64.0,34.0,53.0,50.0,49.0,74.0,62.0,90.0,62.0,45.0,58.0,71.0,672.0
RSU1,173.0,140.0,96.0,154.0,79.0,117.0,112.0,105.0,160.0,93.0,135.0,171.0,152.0,77.0,107.0,1554.0
SAP130,53.0,24.0,19.0,22.0,15.0,28.0,23.0,31.0,24.0,23.0,25.0,46.0,18.0,34.0,21.0,292.0
SART1,11.0,5.0,27.0,5.0,1.0,6.0,5.0,24.0,17.0,10.0,5.0,9.0,6.0,9.0,10.0,113.0
SCNM1,15.0,19.0,28.0,18.0,9.0,25.0,21.0,21.0,21.0,50.0,77.0,19.0,23.0,11.0,7.0,249.0
SCO1,5.0,15.0,29.0,19.0,7.0,10.0,23.0,15.0,36.0,43.0,20.0,25.0,14.0,13.0,20.0,225.0
SDHB,79.0,118.0,53.0,75.0,57.0,69.0,98.0,51.0,123.0,71.0,101.0,102.0,64.0,89.0,73.0,907.0
SDHD,43.0,99.0,28.0,34.0,31.0,33.0,63.0,32.0,85.0,56.0,61.0,59.0,20.0,65.0,44.0,532.0
SEC11A,89.0,59.0,59.0,73.0,50.0,64.0,66.0,58.0,111.0,62.0,89.0,90.0,56.0,61.0,65.0,821.0
SEPHS2,11.0,40.0,32.0,12.0,4.0,17.0,18.0,18.0,21.0,7.0,72.0,26.0,6.0,9.0,7.0,192.0
SETDB1,34.0,97.0,91.0,61.0,45.0,71.0,55.0,62.0,119.0,69.0,76.0,63.0,43.0,52.0,46.0,687.0
SF3B3,33.0,8.0,14.0,7.0,4.0,7.0,8.0,10.0,23.0,11.0,8.0,18.0,18.0,6.0,7.0,154.0
SF3B4,43.0,21.0,21.0,25.0,14.0,16.0,22.0,8.0,34.0,29.0,67.0,19.0,34.0,16.0,21.0,275.0
SFPQ,10.0,18.0,40.0,23.0,14.0,24.0,15.0,19.0,20.0,6.0,23.0,17.0,20.0,16.0,17.0,216.0
SH3BP4,82.0,61.0,63.0,74.0,49.0,63.0,65.0,64.0,112.0,48.0,53.0,96.0,56.0,65.0,83.0,856.0
SHOC2,82.0,28.0,41.0,72.0,53.0,53.0,79.0,41.0,101.0,25.0,47.0,91.0,60.0,60.0,78.0,745.0
SLC25A6,10.0,9.0,8.0,9.0,6.0,8.0,7.0,6.0,93.0,5.0,6.0,14.0,18.0,9.0,23.0,154.0
SLC27A2,18.0,14.0,35.0,22.0,5.0,19.0,25.0,19.0,40.0,27.0,23.0,18.0,7.0,19.0,17.0,195.0
SLC35A1,14.0,30.0,161.0,50.0,5.0,13.0,15.0,39.0,15.0,63.0,15.0,22.0,11.0,8.0,17.0,328.0
SLC46A1,30.0,33.0,8.0,25.0,6.0,8.0,49.0,19.0,34.0,21.0,10.0,19.0,11.0,13.0,12.0,205.0
SMG7,47.0,50.0,91.0,55.0,57.0,85.0,75.0,83.0,93.0,40.0,77.0,64.0,80.0,70.0,68.0,729.0
SMG9,6.0,16.0,56.0,10.0,0.0,12.0,3.0,6.0,7.0,12.0,20.0,12.0,7.0,3.0,5.0,112.0
SNRPB,22.0,4.0,14.0,17.0,3.0,11.0,11.0,7.0,11.0,11.0,11.0,16.0,12.0,5.0,8.0,146.0
SP3,8.0,33.0,24.0,2.0,9.0,9.0,9.0,22.0,18.0,15.0,3.0,7.0,7.0,5.0,9.0,121.0
SPCS1,5.0,51.0,11.0,11.0,4.0,8.0,11.0,7.0,22.0,11.0,10.0,6.0,5.0,4.0,9.0,137.0
SREBF1,8.0,2.0,15.0,10.0,1.0,7.0,15.0,9.0,22.0,35.0,2.0,10.0,9.0,2.0,6.0,106.0
SRPRB,33.0,33.0,17.0,23.0,15.0,45.0,22.0,46.0,42.0,41.0,37.0,22.0,22.0,21.0,21.0,332.0
SRSF1,57.0,20.0,17.0,44.0,23.0,26.0,35.0,24.0,45.0,19.0,35.0,69.0,49.0,22.0,43.0,443.0
SSR2,18.0,19.0,51.0,19.0,6.0,15.0,21.0,28.0,24.0,82.0,58.0,20.0,70.0,17.0,13.0,310.0
SSR3,11.0,40.0,57.0,26.0,8.0,11.0,42.0,47.0,22.0,96.0,45.0,15.0,16.0,18.0,15.0,317.0
SSR4,7.0,15.0,14.0,5.0,0.0,7.0,15.0,6.0,8.0,62.0,25.0,11.0,7.0,6.0,4.0,129.0
ST3GAL1,42.0,32.0,54.0,29.0,24.0,31.0,45.0,22.0,49.0,13.0,36.0,53.0,37.0,18.0,26.0,402.0
ST3GAL4,10.0,16.0,126.0,29.0,8.0,6.0,14.0,15.0,17.0,42.0,8.0,14.0,13.0,12.0,15.0,234.0
STAG1,85.0,48.0,43.0,63.0,39.0,51.0,63.0,44.0,104.0,45.0,45.0,74.0,81.0,57.0,81.0,718.0
STRIP1,33.0,54.0,43.0,52.0,37.0,56.0,48.0,50.0,65.0,48.0,44.0,71.0,46.0,25.0,20.0,527.0
STT3A,11.0,15.0,27.0,24.0,5.0,19.0,53.0,24.0,31.0,95.0,26.0,23.0,24.0,3.0,11.0,258.0
STT3B,7.0,15.0,30.0,63.0,5.0,12.0,9.0,23.0,24.0,35.0,21.0,18.0,11.0,4.0,9.0,202.0
SUGP1,29.0,17.0,29.0,36.0,21.0,23.0,19.0,17.0,45.0,26.0,42.0,46.0,19.0,15.0,16.0,294.0
SUPT7L,20.0,33.0,16.0,10.0,9.0,12.0,12.0,14.0,14.0,13.0,14.0,13.0,13.0,4.0,8.0,154.0
SUV39H1,21.0,16.0,23.0,25.0,12.0,19.0,21.0,18.0,31.0,14.0,29.0,30.0,22.0,33.0,29.0,256.0
SYMPK,10.0,10.0,11.0,5.0,10.0,18.0,8.0,19.0,9.0,8.0,37.0,10.0,38.0,4.0,5.0,150.0
SYNCRIP,24.0,30.0,26.0,23.0,17.0,27.0,21.0,24.0,24.0,12.0,50.0,24.0,15.0,37.0,15.0,261.0
TAF5L,80.0,83.0,51.0,51.0,42.0,49.0,74.0,41.0,74.0,60.0,51.0,73.0,72.0,57.0,53.0,673.0
TARDBP,143.0,82.0,130.0,113.0,85.0,104.0,122.0,99.0,121.0,117.0,134.0,141.0,239.0,85.0,102.0,1434.0
TBC1D23,25.0,3.0,7.0,5.0,5.0,13.0,6.0,10.0,12.0,10.0,15.0,9.0,16.0,18.0,12.0,117.0
TCERG1,56.0,41.0,111.0,93.0,18.0,31.0,61.0,69.0,76.0,81.0,44.0,42.0,37.0,22.0,40.0,598.0
THAP11,49.0,38.0,85.0,79.0,37.0,54.0,69.0,55.0,125.0,98.0,103.0,96.0,64.0,43.0,41.0,787.0
TIMELESS,149.0,83.0,87.0,108.0,77.0,82.0,86.0,73.0,107.0,63.0,84.0,111.0,110.0,69.0,75.0,1102.0
TMED10,70.0,96.0,80.0,80.0,67.0,85.0,115.0,96.0,101.0,101.0,89.0,129.0,76.0,64.0,75.0,971.0
TMED2,101.0,101.0,93.0,96.0,73.0,88.0,113.0,104.0,111.0,106.0,100.0,155.0,89.0,67.0,89.0,1094.0
TMEM165,13.0,30.0,39.0,14.0,21.0,24.0,29.0,32.0,31.0,23.0,22.0,24.0,18.0,20.0,24.0,241.0
TMEM201,13.0,23.0,6.0,12.0,2.0,5.0,10.0,13.0,8.0,15.0,13.0,14.0,37.0,10.0,5.0,139.0
TOE1,53.0,14.0,38.0,32.0,19.0,22.0,19.0,40.0,48.0,42.0,40.0,47.0,33.0,28.0,35.0,391.0
TOMM20,24.0,41.0,40.0,35.0,13.0,18.0,25.0,22.0,76.0,18.0,72.0,31.0,42.0,18.0,32.0,348.0
TOMM22,40.0,51.0,41.0,41.0,14.0,33.0,29.0,30.0,31.0,27.0,76.0,63.0,35.0,22.0,29.0,439.0
TOMM40,55.0,49.0,74.0,71.0,42.0,87.0,39.0,49.0,146.0,27.0,68.0,78.0,70.0,44.0,60.0,752.0
TPT1,34.0,28.0,10.0,16.0,9.0,16.0,22.0,24.0,57.0,9.0,34.0,15.0,29.0,22.0,16.0,249.0
TRAM1,9.0,51.0,25.0,12.0,14.0,23.0,12.0,20.0,26.0,20.0,22.0,15.0,25.0,10.0,13.0,213.0
TRAPPC1,118.0,123.0,147.0,177.0,79.0,133.0,117.0,121.0,151.0,80.0,139.0,173.0,152.0,84.0,104.0,1508.0
TRAPPC3,23.0,37.0,92.0,52.0,18.0,45.0,35.0,32.0,38.0,41.0,79.0,56.0,40.0,22.0,24.0,451.0
TRAPPC4,97.0,103.0,126.0,169.0,74.0,116.0,97.0,117.0,138.0,78.0,121.0,145.0,140.0,72.0,91.0,1330.0
TSC1,29.0,16.0,78.0,35.0,20.0,44.0,27.0,30.0,26.0,55.0,54.0,38.0,19.0,25.0,27.0,370.0
TSR1,10.0,4.0,11.0,8.0,1.0,10.0,15.0,19.0,14.0,20.0,11.0,9.0,5.0,9.0,16.0,119.0
TSR2,31.0,14.0,2.0,15.0,9.0,11.0,21.0,29.0,31.0,11.0,26.0,46.0,13.0,15.0,15.0,220.0
TUBB4B,17.0,28.0,28.0,21.0,7.0,30.0,21.0,23.0,16.0,28.0,38.0,26.0,15.0,6.0,13.0,245.0
TXNRD1,23.0,20.0,13.0,33.0,2.0,16.0,18.0,24.0,50.0,20.0,9.0,22.0,28.0,8.0,19.0,248.0
UBA6,35.0,10.0,11.0,21.0,15.0,30.0,11.0,36.0,19.0,23.0,16.0,15.0,58.0,18.0,11.0,246.0
UBAP1,18.0,17.0,28.0,17.0,8.0,6.0,16.0,19.0,19.0,20.0,12.0,21.0,27.0,7.0,14.0,178.0
UBC,5.0,5.0,14.0,9.0,7.0,19.0,9.0,8.0,4.0,8.0,21.0,5.0,12.0,7.0,9.0,103.0
UBE2D3,58.0,86.0,96.0,105.0,49.0,78.0,78.0,96.0,114.0,82.0,82.0,87.0,97.0,74.0,79.0,999.0
UFM1,37.0,45.0,52.0,67.0,18.0,19.0,30.0,48.0,56.0,55.0,15.0,49.0,29.0,58.0,31.0,453.0
UPF3A,34.0,21.0,9.0,16.0,11.0,19.0,35.0,13.0,22.0,22.0,30.0,20.0,22.0,14.0,21.0,231.0
UPF3B,18.0,9.0,2.0,9.0,11.0,30.0,5.0,8.0,25.0,8.0,28.0,8.0,13.0,6.0,7.0,132.0
UQCR10,8.0,10.0,19.0,14.0,10.0,16.0,19.0,5.0,19.0,18.0,22.0,13.0,14.0,12.0,8.0,161.0
UQCRB,87.0,73.0,53.0,75.0,79.0,92.0,100.0,67.0,118.0,39.0,84.0,109.0,51.0,59.0,78.0,888.0
UQCRHL,13.0,10.0,18.0,16.0,8.0,8.0,5.0,10.0,13.0,11.0,21.0,23.0,16.0,5.0,11.0,159.0
UQCRQ,9.0,8.0,17.0,6.0,11.0,18.0,23.0,8.0,84.0,3.0,7.0,9.0,17.0,12.0,21.0,166.0
USP5,16.0,27.0,29.0,25.0,18.0,33.0,23.0,54.0,47.0,34.0,32.0,25.0,21.0,27.0,17.0,314.0
VPS36,16.0,16.0,32.0,11.0,6.0,3.0,17.0,33.0,32.0,51.0,4.0,11.0,11.0,5.0,14.0,175.0
VPS41,31.0,16.0,23.0,33.0,3.0,11.0,15.0,15.0,22.0,34.0,23.0,18.0,23.0,10.0,13.0,204.0
VTA1,37.0,27.0,12.0,30.0,14.0,13.0,22.0,48.0,41.0,13.0,20.0,27.0,28.0,20.0,25.0,306.0
WDR45,14.0,6.0,7.0,28.0,20.0,24.0,15.0,17.0,37.0,7.0,41.0,21.0,18.0,8.0,20.0,223.0
WDR83,77.0,82.0,56.0,77.0,54.0,67.0,101.0,72.0,102.0,83.0,86.0,91.0,71.0,49.0,61.0,814.0
WRAP53,23.0,33.0,43.0,30.0,11.0,23.0,40.0,26.0,36.0,34.0,52.0,20.0,37.0,15.0,25.0,323.0
XPO5,63.0,63.0,34.0,53.0,26.0,67.0,44.0,39.0,56.0,68.0,88.0,48.0,78.0,50.0,52.0,582.0
ZC3H8,10.0,10.0,11.0,8.0,7.0,10.0,19.0,22.0,10.0,10.0,7.0,17.0,12.0,7.0,10.0,123.0
ZC3HC1,9.0,9.0,24.0,13.0,2.0,9.0,6.0,11.0,19.0,10.0,20.0,20.0,6.0,2.0,2.0,119.0
ZNHIT6,2.0,12.0,7.0,9.0,5.0,8.0,11.0,18.0,10.0,8.0,10.0,9.0,11.0,6.0,18.0,115.0
